<?xml version="1.0" encoding="UTF-8"?>
<model name="nem:nemocniceModel" xmlns="http://www.alfresco.org/model/dictionary/1.0">

    <!-- Optional meta-data about the model -->
    <description>Nemocnice Model</description>
    <author>My Name</author>
    <version>1.0</version>

    <imports>
        <!-- Import Alfresco Dictionary Definitions -->
        <import uri="http://www.alfresco.org/model/dictionary/1.0" prefix="d"/>
        <!-- Import Alfresco Content Domain Model Definitions -->
        <import uri="http://www.alfresco.org/model/content/1.0" prefix="cm"/>
        <!-- Import Alfresco System Model Definitions -->
        <import uri="http://www.alfresco.org/model/system/1.0" prefix="sys"/>
    </imports>

    <namespaces>
        <namespace uri="http://www.nemocnice.cz/model/content/1.0" prefix="nem"/>
    </namespaces>

    <aspects>
        <aspect name="nem:nemAspekt">
            <title>Nemocnice aspekt</title>
            <description>Nemocnice aspekt</description>
            <properties>
                <property name="nem:nadpis">
                    <type>d:text</type>
                    <index enabled="true">
                        <atomic>true</atomic>
                        <stored>false</stored>
                        <tokenised>false</tokenised>
                    </index>
                </property>
                <property name="nem:zkratka">
                    <type>d:text</type>
                    <index enabled="true">
                        <atomic>true</atomic>
                        <stored>false</stored>
                        <tokenised>false</tokenised>
                    </index>
                </property>
                <property name="nem:cisloPrilohy">
                    <type>d:int</type>
                    <index enabled="true">
                        <atomic>true</atomic>
                        <stored>false</stored>
                        <tokenised>false</tokenised>
                    </index>
                </property>
                <property name="nem:cisloVRD">
                    <type>d:text</type>
                    <index enabled="true">
                        <atomic>true</atomic>
                        <stored>false</stored>
                        <tokenised>false</tokenised>
                    </index>
                </property>
                <property name="nem:platnost">
                    <type>d:boolean</type>
                    <index enabled="true">
                        <atomic>true</atomic>
                        <stored>false</stored>
                        <tokenised>false</tokenised>
                    </index>
                </property>
                <property name="nem:ucinonstOd">
                    <type>d:date</type>
                    <index enabled="true">
                        <atomic>true</atomic>
                        <stored>false</stored>
                        <tokenised>false</tokenised>
                    </index>
                </property>
                <property name="nem:ucinonstDo">
                    <type>d:date</type>
                    <index enabled="true">
                        <atomic>true</atomic>
                        <stored>false</stored>
                        <tokenised>false</tokenised>
                    </index>
                </property>
            </properties>
        </aspect>
    </aspects>
</model>