<?xml version="1.0" encoding="UTF-8"?>

<definitions
        xmlns:activiti="http://activiti.org/bpmn"
        xmlns="http://www.omg.org/spec/BPMN/20100524/MODEL" typeLanguage="http://www.w3.org/2001/XMLSchema"
        expressionLanguage="http://www.w3.org/1999/XPath" targetNamespace="http://www.activiti.org/test">

   <process id="my-process">

      <startEvent id="start" activiti:formKey="wf:submitAdhocTask"/>
      <sequenceFlow id="flow1" sourceRef="start" targetRef="someTask"/>

      <userTask id="someTask" name="Activiti is awesome!" activiti:formKey="wf:adhocTask">
         <humanPerformer>
            <resourceAssignmentExpression>
               <formalExpression>${bpm_assignee.properties.userName}</formalExpression>
            </resourceAssignmentExpression>
         </humanPerformer>
      </userTask>
      <sequenceFlow id="flow2" sourceRef="someTask" targetRef="end"/>

      <endEvent id="end"/>

   </process>

</definitions>